{"cameraMode":{"drawMode":0,"name":"Shaded","section":"Shading Mode"},"sceneLighting":false,"audioPlay":false,"sceneViewState":{"showFog":true,"showMaterialUpdate":false,"showSkybox":false,"showFlares":true,"showImageEffects":true,"showParticleSystems":true,"showVisualEffectGraphs":true,"m_FxEnabled":true},"in2DMode":false,"pivot":{"x":2.0621964931488039,"y":-0.8779428005218506,"z":2.5322303771972658},"rotation":{"x":0.14326606690883637,"y":0.7248789668083191,"z":-0.15864108502864839,"w":0.6549407243728638},"size":1.6231197118759156,"orthographic":false}