{"cameraMode":{"drawMode":0,"name":"Shaded","section":"Shading Mode"},"sceneLighting":false,"audioPlay":false,"sceneViewState":{"showFog":true,"showMaterialUpdate":false,"showSkybox":false,"showFlares":true,"showImageEffects":true,"showParticleSystems":true,"showVisualEffectGraphs":true,"m_FxEnabled":true},"in2DMode":false,"pivot":{"x":-0.14729486405849458,"y":-0.5697843432426453,"z":1.4122612476348878},"rotation":{"x":-0.0007475487655028701,"y":0.9772498607635498,"z":-0.21229088306427003,"w":-0.0031722313724458219},"size":1.6231197118759156,"orthographic":false}